Workbook

Sheet Employees
A1: Employee_ID | B1: Employee_Name | C1: Department ID | D1: Department | E1: Salary | F1: Salary Category | G1: VLOOKUP Department | H1: XLOOKUP Department
A2: 1 | B2: Rahul | C2: 1 | D2: IT | E2: 60000 | F2: =IF(E2>60000,"High Salary","Normal Salary") -> Normal Salary | G2: =VLOOKUP(C2,Departments!$A$2:$C$6,2,FALSE) -> IT | H2: =_xlfn.XLOOKUP(C2,Departments!$A$2:$A$6,Departments!$B$2:$B$6) -> IT
A3: 2 | B3: Priya | C3: 2 | D3: HR | E3: 45000 | F3: =IF(E3>60000,"High Salary","Normal Salary") -> Normal Salary | G3: =VLOOKUP(C3,Departments!$A$2:$C$6,2,FALSE) -> HR | H3: =_xlfn.XLOOKUP(C3,Departments!$A$2:$A$6,Departments!$B$2:$B$6) -> HR
A4: 3 | B4: Arjun | C4: 1 | D4: IT | E4: 75000 | F4: =IF(E4>60000,"High Salary","Normal Salary") -> High Salary | G4: =VLOOKUP(C4,Departments!$A$2:$C$6,2,FALSE) -> IT | H4: =_xlfn.XLOOKUP(C4,Departments!$A$2:$A$6,Departments!$B$2:$B$6) -> IT
A5: 4 | B5: Sneha | C5: 3 | D5: Finance | E5: 55000 | F5: =IF(E5>60000,"High Salary","Normal Salary") -> Normal Salary | G5: =VLOOKUP(C5,Departments!$A$2:$C$6,2,FALSE) -> Finance | H5: =_xlfn.XLOOKUP(C5,Departments!$A$2:$A$6,Departments!$B$2:$B$6) -> Finance
A6: 5 | B6: Kiran | C6: 4 | D6: Sales | E6: 40000 | F6: =IF(E6>60000,"High Salary","Normal Salary") -> Normal Salary | G6: =VLOOKUP(C6,Departments!$A$2:$C$6,2,FALSE) -> Sales | H6: =_xlfn.XLOOKUP(C6,Departments!$A$2:$A$6,Departments!$B$2:$B$6) -> Sales
A7: 6 | B7: Anjali | C7: 1 | D7: IT | E7: 65000 | F7: =IF(E7>60000,"High Salary","Normal Salary") -> High Salary | G7: =VLOOKUP(C7,Departments!$A$2:$C$6,2,FALSE) -> IT | H7: =_xlfn.XLOOKUP(C7,Departments!$A$2:$A$6,Departments!$B$2:$B$6) -> IT
A8: 7 | B8: Ravi | C8: 4 | D8: Sales | E8: 50000 | F8: =IF(E8>60000,"High Salary","Normal Salary") -> Normal Salary | G8: =VLOOKUP(C8,Departments!$A$2:$C$6,2,FALSE) -> Sales | H8: =_xlfn.XLOOKUP(C8,Departments!$A$2:$A$6,Departments!$B$2:$B$6) -> Sales
A9: 8 | B9: Divya | C9: 2 | D9: HR | E9: 48000 | F9: =IF(E9>60000,"High Salary","Normal Salary") -> Normal Salary | G9: =VLOOKUP(C9,Departments!$A$2:$C$6,2,FALSE) -> HR | H9: =_xlfn.XLOOKUP(C9,Departments!$A$2:$A$6,Departments!$B$2:$B$6) -> HR
A10: 9 | B10: Manoj | C10: 3 | D10: Finance | E10: 70000 | F10: =IF(E10>60000,"High Salary","Normal Salary") -> High Salary | G10: =VLOOKUP(C10,Departments!$A$2:$C$6,2,FALSE) -> Finance | H10: =_xlfn.XLOOKUP(C10,Departments!$A$2:$A$6,Departments!$B$2:$B$6) -> Finance
A11: 10 | B11: Neha | C11: 1 | D11: IT | E11: 80000 | F11: =IF(E11>60000,"High Salary","Normal Salary") -> High Salary | G11: =VLOOKUP(C11,Departments!$A$2:$C$6,2,FALSE) -> IT | H11: =_xlfn.XLOOKUP(C11,Departments!$A$2:$A$6,Departments!$B$2:$B$6) -> IT
K12: Number Of IT Employees | L12: Total IT Salary
K13: =COUNTIF(D2:D11,"IT") -> 4 | L13: =SUMIF(D2:D11,"IT",E2:E11) -> 280000

Sheet Departments
A1: department_id | B1: department | C1: manager
A2: 1 | B2: IT | C2: Suresh
A3: 2 | B3: HR | C3: Lakshmi
A4: 3 | B4: Finance | C4: Ramesh
A5: 4 | B5: Sales | C5: Anil
A6: 5 | B6: Marketing | C6: Kavya

Sheet Pivot Table
A3: Row Labels | B3: Sum of Salary
A4: Finance | B4: 125000
A5: HR | B5: 93000
A6: IT | B6: 280000
A7: Sales | B7: 90000
A8: Grand Total | B8: 588000
